{
  "layers": [
      {
      "layercodename": "Mapnik",
      "layername": "BlackAndWhite",
      "pathto": "http://{s}.tiles.wmflabs.org/bw-mapnik/{z}/{x}/{y}.png",
      "layertype": "basemap",
      "layertypefunction": "ltilelayer"
    },
    {
      "layercodename": "osm",
      "layername": "Open Street Map",
      "pathto": "http://{s}.tile.osm.org/{z}/{x}/{y}.png",
      "layertype": "basemap",
      "layertypefunction": "ltilelayer"
    },
     {
      "layercodename": "oseam",
      "layername": "Open Sea Map",
      "pathto": "http://tiles.openseamap.org/seamark/{z}/{x}/{y}.png",
      "layertype": "overlay",
      "layertypefunction": "ltilelayer"
    },
    {
      "layercodename": "olen",
      "layername": "Треки оленей",
      "pathto": "rerere.json",
      "layertype": "overlay",
      "layertypefunction": "casual",
      "geometry": "polyline",
      "color": "#000",
      "width": 1
    }
  ]
}
